name,surname,login,email,phone
Julie,Morrison,jmorrison0,jmorrison0@nydailynews.com,6-(462)752-9618
Arthur,Wilson,awilson1,awilson1@cdbaby.com,9-(589)010-1176
Anne,Shaw,ashaw2,ashaw2@dagondesign.com,9-(616)949-8166
Todd,Oliver,toliver3,toliver3@archive.org,1-(713)007-4815
Julie,Thompson,jthompson4,jthompson4@ifeng.com,7-(531)939-8590
Kathryn,Pierce,kpierce5,kpierce5@mozilla.org,9-(922)421-9573
Deborah,Hart,dhart6,dhart6@typepad.com,3-(668)038-8689
Russell,Rice,rrice7,rrice7@domainmarket.com,6-(590)529-6358
Stephanie,Warren,swarren8,swarren8@examiner.com,3-(029)728-4867
Fred,Cook,fcook9,fcook9@amazonaws.com,7-(572)455-8269
Norma,Miller,nmillera,nmillera@moonfruit.com,7-(823)430-1538
Henry,Burns,hburnsb,hburnsb@a8.net,2-(904)582-5698
Amy,Robertson,arobertsonc,arobertsonc@wired.com,8-(489)961-7768
Antonio,Moore,amoored,amoored@google.co.uk,7-(193)006-8318
Patricia,Sims,psimse,psimse@webs.com,0-(906)031-4765
Joyce,Ward,jwardf,jwardf@samsung.com,0-(884)547-9188
Peter,Campbell,pcampbellg,pcampbellg@cornell.edu,2-(188)712-2694
Mark,Jones,mjonesh,mjonesh@bing.com,7-(200)631-5341
Carolyn,Hayes,chayesi,chayesi@trellian.com,8-(774)679-8727
Sara,Medina,smedinaj,smedinaj@livejournal.com,5-(176)870-9133
Sandra,Gordon,sgordonk,sgordonk@infoseek.co.jp,5-(354)936-7602
Virginia,Dunn,vdunnl,vdunnl@usa.gov,6-(403)630-2983
Mary,Gonzalez,mgonzalezm,mgonzalezm@booking.com,0-(682)853-9363
Amy,Reynolds,areynoldsn,areynoldsn@rambler.ru,8-(250)837-5944
Carol,Elliott,celliotto,celliotto@about.com,7-(518)786-0658
Denise,Lane,dlanep,dlanep@qq.com,7-(159)401-2808
Joshua,Kelly,jkellyq,jkellyq@people.com.cn,6-(003)206-5666
Gerald,Romero,gromeror,gromeror@rakuten.co.jp,9-(267)304-2988
Chris,Bennett,cbennetts,cbennetts@state.tx.us,8-(641)984-9681
Pamela,Ross,prosst,prosst@cnet.com,9-(120)614-5488
Sara,Hernandez,shernandezu,shernandezu@geocities.jp,1-(888)734-3264
Ruby,Davis,rdavisv,rdavisv@is.gd,4-(026)012-0030
Willie,Ramos,wramosw,wramosw@sphinn.com,2-(015)425-8111
Joan,Baker,jbakerx,jbakerx@java.com,4-(793)538-2405
Rebecca,Wallace,rwallacey,rwallacey@earthlink.net,5-(887)765-2501
Janet,Porter,jporterz,jporterz@sun.com,3-(989)806-0169
John,Nelson,jnelson10,jnelson10@mozilla.org,5-(069)460-2931
Earl,Rose,erose11,erose11@drupal.org,3-(289)964-2847
Angela,Snyder,asnyder12,asnyder12@phpbb.com,9-(880)468-1335
Dennis,Fernandez,dfernandez13,dfernandez13@japanpost.jp,2-(803)620-1641
Clarence,Lawson,clawson14,clawson14@nydailynews.com,8-(459)297-6475
Julie,Jackson,jjackson15,jjackson15@unesco.org,4-(952)041-9894
Christina,Patterson,cpatterson16,cpatterson16@infoseek.co.jp,3-(856)413-6740
Deborah,Coleman,dcoleman17,dcoleman17@spotify.com,4-(881)625-0508
Alice,Garrett,agarrett18,agarrett18@hud.gov,3-(341)951-2339
Diana,Davis,ddavis19,ddavis19@prweb.com,8-(021)157-4200
Kathleen,Henderson,khenderson1a,khenderson1a@xing.com,1-(596)996-4200
Jennifer,Dixon,jdixon1b,jdixon1b@redcross.org,9-(508)380-1893
Kathy,Long,klong1c,klong1c@aol.com,9-(646)332-1048
Edward,Bowman,ebowman1d,ebowman1d@thetimes.co.uk,5-(697)818-5293
David,Powell,dpowell1e,dpowell1e@hatena.ne.jp,2-(994)193-3552
Michelle,Dunn,mdunn1f,mdunn1f@ask.com,4-(476)366-3303
Charles,Hanson,chanson1g,chanson1g@intel.com,4-(003)613-3171
Johnny,Rice,jrice1h,jrice1h@sogou.com,4-(020)806-3012
Earl,Martinez,emartinez1i,emartinez1i@time.com,7-(386)871-1512
Charles,Burns,cburns1j,cburns1j@opera.com,8-(885)478-3659
Mark,Carpenter,mcarpenter1k,mcarpenter1k@hp.com,0-(175)113-1682
Jessica,Palmer,jpalmer1l,jpalmer1l@goo.ne.jp,1-(562)860-4706
Victor,James,vjames1m,vjames1m@posterous.com,5-(681)357-3909
James,Austin,jaustin1n,jaustin1n@dmoz.org,0-(233)819-3063
Steven,Gutierrez,sgutierrez1o,sgutierrez1o@accuweather.com,2-(147)853-6126
Janice,Phillips,jphillips1p,jphillips1p@sphinn.com,9-(282)911-0977
Larry,Sullivan,lsullivan1q,lsullivan1q@paypal.com,3-(512)569-7793
Matthew,Cole,mcole1r,mcole1r@chicagotribune.com,2-(283)012-6874
Antonio,Jacobs,ajacobs1s,ajacobs1s@domainmarket.com,6-(985)989-3762
Eugene,Hanson,ehanson1t,ehanson1t@usgs.gov,8-(943)396-4829
Harold,Jacobs,hjacobs1u,hjacobs1u@last.fm,7-(694)901-7093
Sharon,Hicks,shicks1v,shicks1v@dropbox.com,1-(737)089-2702
Joseph,Jacobs,jjacobs1w,jjacobs1w@cocolog-nifty.com,2-(485)342-9468
Patrick,Nelson,pnelson1x,pnelson1x@1688.com,6-(484)273-3924
Doris,Porter,dporter1y,dporter1y@cpanel.net,9-(373)023-2157
Harold,Palmer,hpalmer1z,hpalmer1z@gmpg.org,3-(167)153-6812
Todd,Bryant,tbryant20,tbryant20@multiply.com,7-(271)024-4783
Ruth,Ortiz,rortiz21,rortiz21@constantcontact.com,8-(405)596-1639
Thomas,Burton,tburton22,tburton22@arizona.edu,8-(260)315-0791
Arthur,Grant,agrant23,agrant23@yahoo.com,6-(285)701-6965
Sarah,Davis,sdavis24,sdavis24@webnode.com,3-(828)322-0768
Evelyn,Richards,erichards25,erichards25@unicef.org,6-(575)426-0442
Lawrence,Nichols,lnichols26,lnichols26@barnesandnoble.com,1-(235)048-1077
Marilyn,Bradley,mbradley27,mbradley27@diigo.com,8-(835)322-4653
David,Dixon,ddixon28,ddixon28@techcrunch.com,2-(738)615-1805
Lois,Stone,lstone29,lstone29@surveymonkey.com,7-(672)795-1038
Scott,Anderson,sanderson2a,sanderson2a@nba.com,1-(806)720-4944
Phillip,Hayes,phayes2b,phayes2b@ocn.ne.jp,5-(794)230-5770
Thomas,Ryan,tryan2c,tryan2c@last.fm,0-(611)825-1306
Jerry,Kelly,jkelly2d,jkelly2d@indiegogo.com,2-(428)632-7506
Jack,Stephens,jstephens2e,jstephens2e@mozilla.com,8-(299)321-4078
Lisa,Jenkins,ljenkins2f,ljenkins2f@rakuten.co.jp,5-(009)893-1989
Nancy,Gomez,ngomez2g,ngomez2g@loc.gov,8-(204)670-8174
Karen,Larson,klarson2h,klarson2h@nps.gov,4-(526)620-1722
Marilyn,Williams,mwilliams2i,mwilliams2i@geocities.com,6-(274)101-5491
Eric,Lane,elane2j,elane2j@nps.gov,8-(388)819-1991
Jeremy,Ellis,jellis2k,jellis2k@addtoany.com,2-(193)963-3741
Laura,Foster,lfoster2l,lfoster2l@studiopress.com,7-(764)725-6010
Douglas,Graham,dgraham2m,dgraham2m@dropbox.com,1-(702)961-2584
Joshua,Roberts,jroberts2n,jroberts2n@histats.com,2-(982)809-2953
William,Robinson,wrobinson2o,wrobinson2o@yellowpages.com,0-(888)480-0499
Catherine,Thomas,cthomas2p,cthomas2p@ucoz.com,9-(433)395-0254
Randy,Gonzales,rgonzales2q,rgonzales2q@telegraph.co.uk,3-(464)436-7362
Elizabeth,Henry,ehenry2r,ehenry2r@exblog.jp,3-(795)578-4194
Rose,Edwards,redwards2s,redwards2s@indiegogo.com,1-(389)780-7117
Jack,Ortiz,jortiz2t,jortiz2t@etsy.com,9-(659)799-1864
Emily,Hudson,ehudson2u,ehudson2u@vistaprint.com,0-(765)341-4973
Jose,Frazier,jfrazier2v,jfrazier2v@hp.com,1-(536)587-5967
Jose,Martin,jmartin2w,jmartin2w@1und1.de,8-(935)585-1797
Justin,Moore,jmoore2x,jmoore2x@ft.com,3-(054)049-2529
Henry,Black,hblack2y,hblack2y@twitpic.com,2-(836)807-2112
Jose,Moreno,jmoreno2z,jmoreno2z@usa.gov,8-(023)147-2206
Donna,Allen,dallen30,dallen30@instagram.com,9-(552)214-5473
Diane,Perez,dperez31,dperez31@xrea.com,1-(033)944-2446
Norma,Murphy,nmurphy32,nmurphy32@webs.com,7-(312)656-8121
Joshua,Medina,jmedina33,jmedina33@arstechnica.com,3-(148)276-0855
Dennis,Boyd,dboyd34,dboyd34@apache.org,0-(559)463-2431
Jose,Turner,jturner35,jturner35@elegantthemes.com,3-(886)863-0780
Harold,Morrison,hmorrison36,hmorrison36@multiply.com,9-(138)624-4710
Albert,Payne,apayne37,apayne37@studiopress.com,1-(297)392-5381
Johnny,Schmidt,jschmidt38,jschmidt38@addtoany.com,0-(573)952-0886
Robin,Frazier,rfrazier39,rfrazier39@huffingtonpost.com,9-(431)597-2708
Judy,Ruiz,jruiz3a,jruiz3a@plala.or.jp,0-(904)528-5113
Laura,Knight,lknight3b,lknight3b@who.int,3-(194)317-2978
Jennifer,Wheeler,jwheeler3c,jwheeler3c@scientificamerican.com,1-(208)233-0525
Paula,Dean,pdean3d,pdean3d@mapquest.com,2-(964)616-4997
Katherine,Perez,kperez3e,kperez3e@netlog.com,9-(733)736-0122
Sarah,Medina,smedina3f,smedina3f@sciencedirect.com,9-(092)863-8396
George,Andrews,gandrews3g,gandrews3g@businessinsider.com,7-(100)513-0925
Billy,Reid,breid3h,breid3h@cdc.gov,3-(011)964-3374
Ronald,Sanchez,rsanchez3i,rsanchez3i@canalblog.com,6-(739)765-5988
Roy,Weaver,rweaver3j,rweaver3j@google.ca,2-(406)344-5886
Jimmy,Murray,jmurray3k,jmurray3k@freewebs.com,6-(352)805-0803
Terry,Long,tlong3l,tlong3l@salon.com,6-(600)605-8952
Billy,Schmidt,bschmidt3m,bschmidt3m@t.co,4-(531)960-7649
John,Sims,jsims3n,jsims3n@chicagotribune.com,3-(926)443-2221
Joshua,Bradley,jbradley3o,jbradley3o@simplemachines.org,8-(334)184-5692
Harold,Sullivan,hsullivan3p,hsullivan3p@princeton.edu,9-(395)621-1056
Mary,Medina,mmedina3q,mmedina3q@alibaba.com,0-(658)441-6202
Jonathan,West,jwest3r,jwest3r@instagram.com,4-(375)781-1608
Victor,Gardner,vgardner3s,vgardner3s@trellian.com,1-(765)139-1816
Jesse,Coleman,jcoleman3t,jcoleman3t@rediff.com,9-(877)014-3345
Shawn,Holmes,sholmes3u,sholmes3u@stumbleupon.com,1-(389)065-1908
Eugene,White,ewhite3v,ewhite3v@gnu.org,3-(090)606-2303
Mildred,Howard,mhoward3w,mhoward3w@scientificamerican.com,2-(420)597-1136
Heather,Watkins,hwatkins3x,hwatkins3x@a8.net,4-(311)672-3228
Irene,Gonzales,igonzales3y,igonzales3y@merriam-webster.com,9-(022)102-4268
Alan,Ray,aray3z,aray3z@odnoklassniki.ru,6-(735)413-4820
Lois,Garza,lgarza40,lgarza40@ucoz.ru,5-(430)552-7937
Christopher,Myers,cmyers41,cmyers41@goo.ne.jp,7-(279)994-0741
Sean,Chapman,schapman42,schapman42@gov.uk,2-(794)834-2454
Christopher,Bishop,cbishop43,cbishop43@psu.edu,7-(378)289-8741
Emily,Morris,emorris44,emorris44@de.vu,7-(684)797-0776
Julie,Elliott,jelliott45,jelliott45@altervista.org,6-(491)822-1268
Samuel,Ray,sray46,sray46@sciencedirect.com,9-(584)242-6990
Patricia,Stephens,pstephens47,pstephens47@oracle.com,8-(843)091-1376
Dennis,Jordan,djordan48,djordan48@zimbio.com,6-(780)193-9235
Fred,Phillips,fphillips49,fphillips49@un.org,4-(572)087-9822
Denise,Robinson,drobinson4a,drobinson4a@cornell.edu,5-(390)106-9539
Sara,Torres,storres4b,storres4b@youtu.be,7-(217)940-2875
Antonio,Collins,acollins4c,acollins4c@berkeley.edu,0-(287)650-5136
Alan,Fuller,afuller4d,afuller4d@amazonaws.com,0-(538)939-5294
Emily,Gordon,egordon4e,egordon4e@histats.com,9-(822)682-0184
Juan,Robinson,jrobinson4f,jrobinson4f@ucsd.edu,9-(829)869-4766
Wanda,Greene,wgreene4g,wgreene4g@hp.com,0-(363)749-8588
Beverly,Flores,bflores4h,bflores4h@jimdo.com,6-(330)419-2584
Donna,Scott,dscott4i,dscott4i@wikispaces.com,4-(127)777-6593
Shawn,Harrison,sharrison4j,sharrison4j@deliciousdays.com,4-(967)259-2582
Teresa,Roberts,troberts4k,troberts4k@hao123.com,9-(589)058-4989
Margaret,Scott,mscott4l,mscott4l@sphinn.com,3-(189)565-3172
Jane,Fields,jfields4m,jfields4m@webnode.com,1-(996)125-6914
Joshua,Elliott,jelliott4n,jelliott4n@statcounter.com,4-(264)342-9892
Jane,Mills,jmills4o,jmills4o@yahoo.com,3-(397)009-0412
William,Gilbert,wgilbert4p,wgilbert4p@blogs.com,5-(164)533-1868
Emily,Freeman,efreeman4q,efreeman4q@dyndns.org,3-(057)921-2145
Jack,Cooper,jcooper4r,jcooper4r@mysql.com,1-(124)030-9752
Jeffrey,Bryant,jbryant4s,jbryant4s@blogger.com,2-(285)260-1701
James,Stephens,jstephens4t,jstephens4t@zdnet.com,8-(307)948-2521
Martin,Stewart,mstewart4u,mstewart4u@baidu.com,9-(094)826-6813
Peter,Olson,polson4v,polson4v@forbes.com,2-(116)874-0361
Brian,Simmons,bsimmons4w,bsimmons4w@meetup.com,7-(968)356-2300
Robin,Vasquez,rvasquez4x,rvasquez4x@wikia.com,9-(104)965-9053
Carl,Alexander,calexander4y,calexander4y@fotki.com,8-(505)984-1427
Edward,Fields,efields4z,efields4z@163.com,0-(584)876-4562
Keith,Wood,kwood50,kwood50@amazon.co.uk,6-(086)341-4471
Dorothy,Andrews,dandrews51,dandrews51@google.pl,2-(651)807-8673
Benjamin,Alvarez,balvarez52,balvarez52@themeforest.net,0-(818)693-6942
Wayne,Flores,wflores53,wflores53@so-net.ne.jp,7-(569)780-1014
Patrick,Miller,pmiller54,pmiller54@gravatar.com,6-(388)209-1343
Henry,Hudson,hhudson55,hhudson55@purevolume.com,8-(469)922-7556
Todd,Day,tday56,tday56@geocities.jp,8-(716)826-9450
Victor,Miller,vmiller57,vmiller57@shutterfly.com,7-(718)605-9836
Russell,Wright,rwright58,rwright58@feedburner.com,8-(096)246-6259
Judith,Sanders,jsanders59,jsanders59@sitemeter.com,6-(517)358-8511
Tammy,Dean,tdean5a,tdean5a@amazon.co.uk,2-(061)524-2343
Katherine,Peters,kpeters5b,kpeters5b@issuu.com,6-(365)944-2942
Carl,Cooper,ccooper5c,ccooper5c@digg.com,0-(105)563-5206
Jennifer,Sims,jsims5d,jsims5d@alexa.com,8-(098)818-7095
Emily,Carter,ecarter5e,ecarter5e@dot.gov,7-(241)884-6766
Nicole,Gilbert,ngilbert5f,ngilbert5f@google.com.hk,4-(300)916-5001
Kenneth,Brooks,kbrooks5g,kbrooks5g@dyndns.org,0-(019)023-7712
Lillian,Parker,lparker5h,lparker5h@cornell.edu,8-(747)159-0944
Joshua,Carter,jcarter5i,jcarter5i@state.gov,8-(448)085-2782
Kimberly,Lawrence,klawrence5j,klawrence5j@theatlantic.com,8-(966)594-8052
Edward,Rose,erose5k,erose5k@cyberchimps.com,5-(718)645-9947
Heather,Romero,hromero5l,hromero5l@alibaba.com,1-(276)007-6089
Donna,Brooks,dbrooks5m,dbrooks5m@surveymonkey.com,1-(250)114-3996
James,Ruiz,jruiz5n,jruiz5n@usatoday.com,8-(679)699-2162
Jeffrey,Barnes,jbarnes5o,jbarnes5o@nba.com,7-(675)331-8189
Helen,Carter,hcarter5p,hcarter5p@mtv.com,1-(998)706-4765
Joe,Howard,jhoward5q,jhoward5q@whitehouse.gov,4-(407)682-0888
Gloria,Young,gyoung5r,gyoung5r@timesonline.co.uk,1-(148)724-5782
Margaret,Rivera,mrivera5s,mrivera5s@com.com,5-(541)828-2354
Lisa,Stone,lstone5t,lstone5t@cpanel.net,0-(404)449-2392
Raymond,Richardson,rrichardson5u,rrichardson5u@bbc.co.uk,8-(084)304-3127
Pamela,Nelson,pnelson5v,pnelson5v@toplist.cz,2-(015)266-2908
George,Peters,gpeters5w,gpeters5w@so-net.ne.jp,2-(574)664-5343
Pamela,Shaw,pshaw5x,pshaw5x@cpanel.net,7-(246)831-8748
Jonathan,Jacobs,jjacobs5y,jjacobs5y@jugem.jp,8-(676)000-9570
David,Alvarez,dalvarez5z,dalvarez5z@hugedomains.com,0-(113)476-4873
Douglas,Berry,dberry60,dberry60@nationalgeographic.com,4-(494)832-4419
Debra,Morris,dmorris61,dmorris61@google.co.uk,4-(502)374-5117
Angela,Larson,alarson62,alarson62@opensource.org,2-(169)651-0480
Timothy,Castillo,tcastillo63,tcastillo63@bloglovin.com,6-(979)220-8260
Emily,Griffin,egriffin64,egriffin64@uol.com.br,4-(928)836-1675
Margaret,Hernandez,mhernandez65,mhernandez65@disqus.com,8-(583)285-8607
Sara,Gilbert,sgilbert66,sgilbert66@ezinearticles.com,5-(337)817-7110
Amanda,Simpson,asimpson67,asimpson67@nbcnews.com,7-(801)285-5061
Betty,Morrison,bmorrison68,bmorrison68@freewebs.com,5-(174)149-2886
Roger,Elliott,relliott69,relliott69@xing.com,2-(228)095-8408
Catherine,Murphy,cmurphy6a,cmurphy6a@wix.com,0-(314)300-0572
Catherine,Black,cblack6b,cblack6b@blogger.com,4-(059)280-1019
Linda,Thomas,lthomas6c,lthomas6c@zdnet.com,8-(869)750-2895
Charles,Crawford,ccrawford6d,ccrawford6d@washingtonpost.com,9-(365)453-2772
Patricia,Rodriguez,prodriguez6e,prodriguez6e@ibm.com,0-(178)827-9516
Kenneth,Mason,kmason6f,kmason6f@etsy.com,5-(304)924-7000
Michelle,Alvarez,malvarez6g,malvarez6g@miitbeian.gov.cn,9-(390)434-5044
Todd,Howell,thowell6h,thowell6h@ifeng.com,3-(434)691-6834
Robert,Wilson,rwilson6i,rwilson6i@edublogs.org,3-(086)515-9072
Phillip,Spencer,pspencer6j,pspencer6j@youku.com,4-(656)457-0141
Pamela,Chavez,pchavez6k,pchavez6k@mapquest.com,3-(424)953-9912
Carl,Roberts,croberts6l,croberts6l@creativecommons.org,3-(208)261-8945
Margaret,Sullivan,msullivan6m,msullivan6m@rambler.ru,2-(292)855-1152
Ralph,Kelley,rkelley6n,rkelley6n@yandex.ru,2-(735)095-1726
Ronald,Hunter,rhunter6o,rhunter6o@google.ca,4-(193)532-1855
Kevin,Ortiz,kortiz6p,kortiz6p@elegantthemes.com,3-(891)995-2803
Ronald,Taylor,rtaylor6q,rtaylor6q@unc.edu,3-(948)436-5037
Jessica,Parker,jparker6r,jparker6r@blogspot.com,8-(659)014-4374
Christina,Reynolds,creynolds6s,creynolds6s@businessweek.com,4-(200)228-7947
Ronald,Harper,rharper6t,rharper6t@tuttocitta.it,3-(042)870-4398
Jane,Lopez,jlopez6u,jlopez6u@cafepress.com,4-(089)736-8505
Andrew,West,awest6v,awest6v@blog.com,5-(495)386-0334
Bonnie,Cox,bcox6w,bcox6w@senate.gov,0-(609)039-2890
Philip,Wright,pwright6x,pwright6x@google.it,2-(934)345-3349
Jennifer,Alvarez,jalvarez6y,jalvarez6y@toplist.cz,6-(644)302-2803
Roy,Williamson,rwilliamson6z,rwilliamson6z@google.com,9-(465)982-1807
Timothy,Mills,tmills70,tmills70@weather.com,3-(793)878-7229
Margaret,Washington,mwashington71,mwashington71@independent.co.uk,9-(756)322-0060
Kimberly,Long,klong72,klong72@drupal.org,2-(564)438-1177
Henry,Banks,hbanks73,hbanks73@wix.com,9-(967)786-5018
Kathy,Day,kday74,kday74@zimbio.com,5-(672)369-9573
Johnny,Cox,jcox75,jcox75@jigsy.com,5-(160)782-3336
Jack,Baker,jbaker76,jbaker76@oracle.com,6-(950)655-8289
Brenda,Ross,bross77,bross77@ustream.tv,9-(619)462-2997
Karen,Romero,kromero78,kromero78@tuttocitta.it,8-(206)388-0972
Charles,Rogers,crogers79,crogers79@google.ru,3-(607)974-2790
Kevin,Wilson,kwilson7a,kwilson7a@wordpress.org,0-(760)227-7319
Donna,Vasquez,dvasquez7b,dvasquez7b@csmonitor.com,9-(701)019-8174
Julie,Snyder,jsnyder7c,jsnyder7c@nydailynews.com,6-(866)870-9681
Elizabeth,Stevens,estevens7d,estevens7d@mysql.com,0-(252)174-7980
Sandra,Romero,sromero7e,sromero7e@wikia.com,0-(142)341-9299
Patricia,Parker,pparker7f,pparker7f@vistaprint.com,7-(884)189-2012
Gary,Ortiz,gortiz7g,gortiz7g@ycombinator.com,1-(110)185-1830
Ryan,Cunningham,rcunningham7h,rcunningham7h@webeden.co.uk,4-(943)096-8887
Johnny,Carpenter,jcarpenter7i,jcarpenter7i@i2i.jp,9-(108)517-7814
Louis,West,lwest7j,lwest7j@wikia.com,8-(150)279-6912
Jane,Reid,jreid7k,jreid7k@uiuc.edu,4-(874)307-7614
Steve,Taylor,staylor7l,staylor7l@whitehouse.gov,3-(207)387-8941
Brandon,Hanson,bhanson7m,bhanson7m@examiner.com,4-(729)635-4127
Joyce,Bowman,jbowman7n,jbowman7n@a8.net,9-(964)481-4842
Andrew,Ryan,aryan7o,aryan7o@bloglines.com,2-(731)353-3377
Edward,Wright,ewright7p,ewright7p@goodreads.com,3-(958)751-0808
Virginia,Ortiz,vortiz7q,vortiz7q@nba.com,5-(195)641-8620
Katherine,Martinez,kmartinez7r,kmartinez7r@spotify.com,7-(699)824-6038
Kevin,Kim,kkim7s,kkim7s@1und1.de,6-(586)834-5253
Karen,Gardner,kgardner7t,kgardner7t@goodreads.com,8-(752)447-1965
Gerald,Welch,gwelch7u,gwelch7u@cbsnews.com,9-(469)417-2615
Jeffrey,Castillo,jcastillo7v,jcastillo7v@ed.gov,5-(945)033-3122
Terry,Jackson,tjackson7w,tjackson7w@free.fr,6-(904)480-8761
Karen,Garrett,kgarrett7x,kgarrett7x@huffingtonpost.com,3-(892)885-7536
Benjamin,Holmes,bholmes7y,bholmes7y@rakuten.co.jp,7-(900)285-0192
Mary,Hart,mhart7z,mhart7z@mediafire.com,5-(946)163-3324
Joshua,Frazier,jfrazier80,jfrazier80@netscape.com,5-(419)087-0736
Eugene,Mitchell,emitchell81,emitchell81@cnn.com,1-(311)938-7104
Christine,Cox,ccox82,ccox82@wikispaces.com,7-(699)873-2384
Aaron,Lee,alee83,alee83@wikipedia.org,6-(030)094-4448
Heather,Garrett,hgarrett84,hgarrett84@blinklist.com,0-(789)529-7524
Kathryn,Alexander,kalexander85,kalexander85@admin.ch,0-(795)712-2214
Jean,Montgomery,jmontgomery86,jmontgomery86@tinyurl.com,1-(132)918-0804
Roy,Kelley,rkelley87,rkelley87@altervista.org,6-(291)170-4828
Dennis,Palmer,dpalmer88,dpalmer88@sphinn.com,4-(440)539-6048
Ryan,Taylor,rtaylor89,rtaylor89@unblog.fr,5-(631)892-3958
Cynthia,Morrison,cmorrison8a,cmorrison8a@dropbox.com,4-(782)210-3872
Tammy,Duncan,tduncan8b,tduncan8b@craigslist.org,2-(873)642-5985
Louise,Wheeler,lwheeler8c,lwheeler8c@epa.gov,9-(098)494-8077
Gloria,Harvey,gharvey8d,gharvey8d@sciencedirect.com,3-(083)064-0413
Douglas,Pierce,dpierce8e,dpierce8e@cnbc.com,5-(767)034-1329
Patricia,Ferguson,pferguson8f,pferguson8f@businesswire.com,3-(864)555-9116
Alan,Arnold,aarnold8g,aarnold8g@reference.com,0-(059)731-0634
Ralph,Ramos,rramos8h,rramos8h@flickr.com,3-(397)037-3556
Albert,Cunningham,acunningham8i,acunningham8i@tumblr.com,8-(984)097-0845
Dennis,Meyer,dmeyer8j,dmeyer8j@over-blog.com,6-(213)093-9680
Daniel,Green,dgreen8k,dgreen8k@ucla.edu,9-(416)303-4403
Joyce,Ray,jray8l,jray8l@princeton.edu,9-(005)287-7668
Edward,Sims,esims8m,esims8m@chicagotribune.com,7-(945)710-4964
Earl,Hughes,ehughes8n,ehughes8n@ucla.edu,8-(106)219-9911
Nicholas,Woods,nwoods8o,nwoods8o@networksolutions.com,4-(270)657-0219
Patricia,Spencer,pspencer8p,pspencer8p@twitpic.com,1-(180)327-9199
Amy,Rodriguez,arodriguez8q,arodriguez8q@weibo.com,7-(261)884-3346
Willie,Sanchez,wsanchez8r,wsanchez8r@imdb.com,7-(339)925-5363
Earl,Armstrong,earmstrong8s,earmstrong8s@state.tx.us,1-(763)830-7983
Steven,Gardner,sgardner8t,sgardner8t@mit.edu,0-(730)528-2503
Heather,Simmons,hsimmons8u,hsimmons8u@globo.com,2-(321)597-1690
Benjamin,Dunn,bdunn8v,bdunn8v@photobucket.com,1-(213)044-2446
Bruce,Meyer,bmeyer8w,bmeyer8w@wiley.com,4-(553)645-8300
Martin,Williams,mwilliams8x,mwilliams8x@reference.com,8-(207)510-0541
Karen,Webb,kwebb8y,kwebb8y@constantcontact.com,0-(055)985-2494
Amy,Wilson,awilson8z,awilson8z@360.cn,5-(254)264-8188
Randy,Thomas,rthomas90,rthomas90@ft.com,6-(588)201-4531
Deborah,Washington,dwashington91,dwashington91@sakura.ne.jp,5-(755)381-0364
Heather,Flores,hflores92,hflores92@meetup.com,5-(126)473-7338
John,Chapman,jchapman93,jchapman93@economist.com,0-(934)304-0262
Juan,Richardson,jrichardson94,jrichardson94@usgs.gov,6-(916)818-5241
Jimmy,Wells,jwells95,jwells95@sohu.com,7-(869)195-2869
Ruby,Schmidt,rschmidt96,rschmidt96@ning.com,2-(331)435-0304
Joan,Torres,jtorres97,jtorres97@ox.ac.uk,6-(147)460-0795
Brandon,Brown,bbrown98,bbrown98@tamu.edu,3-(441)588-6048
Janice,Bell,jbell99,jbell99@moonfruit.com,9-(675)604-7246
Kevin,Garrett,kgarrett9a,kgarrett9a@slate.com,9-(029)886-7372
Russell,Williamson,rwilliamson9b,rwilliamson9b@ehow.com,7-(273)200-3726
Eric,Torres,etorres9c,etorres9c@discuz.net,0-(080)148-2885
Katherine,Burke,kburke9d,kburke9d@nytimes.com,2-(435)886-3082
Raymond,Flores,rflores9e,rflores9e@bandcamp.com,8-(323)848-8792
Lawrence,Montgomery,lmontgomery9f,lmontgomery9f@foxnews.com,1-(920)597-8887
Amanda,Morgan,amorgan9g,amorgan9g@edublogs.org,6-(897)880-2454
Thomas,Hamilton,thamilton9h,thamilton9h@ask.com,5-(207)996-7601
Emily,Gibson,egibson9i,egibson9i@t-online.de,4-(961)744-7350
Gary,Lawson,glawson9j,glawson9j@epa.gov,8-(866)865-2983
Annie,Chavez,achavez9k,achavez9k@creativecommons.org,0-(112)148-4318
Jane,Shaw,jshaw9l,jshaw9l@howstuffworks.com,9-(961)732-4488
Patrick,Sims,psims9m,psims9m@aol.com,6-(277)498-9396
Catherine,Willis,cwillis9n,cwillis9n@mozilla.com,9-(517)759-3241
Brenda,Sullivan,bsullivan9o,bsullivan9o@topsy.com,2-(399)746-4913
Henry,Jones,hjones9p,hjones9p@forbes.com,7-(690)807-3450
Christopher,Olson,colson9q,colson9q@1688.com,3-(705)249-9618
Stephanie,Rice,srice9r,srice9r@intel.com,5-(149)254-0621
Theresa,Kelley,tkelley9s,tkelley9s@apache.org,3-(650)458-3227
Paula,Greene,pgreene9t,pgreene9t@flavors.me,5-(934)068-6490
Martha,Hunter,mhunter9u,mhunter9u@php.net,9-(341)600-8563
Irene,Parker,iparker9v,iparker9v@unc.edu,4-(281)420-4952
Angela,Nichols,anichols9w,anichols9w@toplist.cz,9-(245)185-5636
Virginia,Jenkins,vjenkins9x,vjenkins9x@bing.com,6-(706)593-1399
Andrea,Ryan,aryan9y,aryan9y@myspace.com,1-(460)918-5648
Adam,Anderson,aanderson9z,aanderson9z@sfgate.com,0-(232)481-4158
Marie,Cooper,mcoopera0,mcoopera0@slideshare.net,6-(841)058-5834
Linda,Parker,lparkera1,lparkera1@wikia.com,2-(038)205-5265
Betty,Bailey,bbaileya2,bbaileya2@mlb.com,3-(585)928-9026
Donna,Hayes,dhayesa3,dhayesa3@e-recht24.de,3-(904)469-0849
Jeremy,Williamson,jwilliamsona4,jwilliamsona4@soundcloud.com,0-(301)256-9813
Craig,Burton,cburtona5,cburtona5@dot.gov,3-(933)792-9713
James,Ryan,jryana6,jryana6@mapy.cz,6-(458)255-2027
Jennifer,Ryan,jryana7,jryana7@com.com,7-(104)992-6108
Ruth,Bowman,rbowmana8,rbowmana8@uol.com.br,0-(536)620-5057
Jeremy,Kelley,jkelleya9,jkelleya9@imageshack.us,3-(138)723-3798
Frances,Chavez,fchavezaa,fchavezaa@youtube.com,3-(349)542-7352
Joe,Hall,jhallab,jhallab@youku.com,7-(012)832-9376
Justin,Wells,jwellsac,jwellsac@xinhuanet.com,5-(084)559-1678
Craig,Fuller,cfullerad,cfullerad@seesaa.net,2-(855)054-8046
Jesse,Owens,jowensae,jowensae@shinystat.com,2-(757)674-0519
Nicole,Brown,nbrownaf,nbrownaf@hostgator.com,3-(979)146-6733
Scott,Washington,swashingtonag,swashingtonag@shinystat.com,8-(028)747-3110
Melissa,Ross,mrossah,mrossah@tinypic.com,4-(241)365-3273
Samuel,Anderson,sandersonai,sandersonai@slate.com,8-(882)965-6941
Thomas,Davis,tdavisaj,tdavisaj@dot.gov,6-(489)721-2493
Phillip,Bradley,pbradleyak,pbradleyak@dailymail.co.uk,6-(589)805-3529
Ruth,Gilbert,rgilbertal,rgilbertal@abc.net.au,9-(861)846-3463
Victor,Snyder,vsnyderam,vsnyderam@mac.com,1-(419)009-8640
Earl,Tucker,etuckeran,etuckeran@cnn.com,0-(417)382-8716
Ernest,White,ewhiteao,ewhiteao@weather.com,5-(603)259-5222
Alan,Bowman,abowmanap,abowmanap@sogou.com,9-(826)355-7434
Earl,Meyer,emeyeraq,emeyeraq@fc2.com,2-(147)841-9962
Clarence,Mendoza,cmendozaar,cmendozaar@illinois.edu,8-(102)559-2382
Nancy,Stephens,nstephensas,nstephensas@devhub.com,8-(179)535-9295
Elizabeth,Fox,efoxat,efoxat@symantec.com,9-(140)311-3619
Victor,Peterson,vpetersonau,vpetersonau@vkontakte.ru,2-(113)868-2343
Jessica,Stevens,jstevensav,jstevensav@tmall.com,7-(935)288-7945
Willie,Powell,wpowellaw,wpowellaw@liveinternet.ru,1-(784)591-1334
Brian,Webb,bwebbax,bwebbax@noaa.gov,6-(658)178-4877
Sean,Bishop,sbishopay,sbishopay@goodreads.com,4-(377)305-3127
Beverly,Harvey,bharveyaz,bharveyaz@time.com,9-(912)301-3354
Beverly,Bryant,bbryantb0,bbryantb0@github.com,5-(388)267-6211
Andrew,Edwards,aedwardsb1,aedwardsb1@tumblr.com,7-(742)703-3542
Mary,Diaz,mdiazb2,mdiazb2@spiegel.de,0-(364)332-5049
Doris,Wallace,dwallaceb3,dwallaceb3@uol.com.br,2-(233)979-6458
Paul,Reyes,preyesb4,preyesb4@pen.io,7-(574)535-3321
Christina,Little,clittleb5,clittleb5@tinypic.com,1-(861)781-0565
Sharon,Rodriguez,srodriguezb6,srodriguezb6@go.com,5-(715)171-1425
Virginia,Spencer,vspencerb7,vspencerb7@earthlink.net,4-(510)802-2626
Carlos,Webb,cwebbb8,cwebbb8@blogspot.com,5-(733)968-1073
Doris,Cook,dcookb9,dcookb9@illinois.edu,0-(254)545-9548
Diane,Griffin,dgriffinba,dgriffinba@jalbum.net,1-(383)513-6368
Keith,Fields,kfieldsbb,kfieldsbb@netvibes.com,3-(392)241-6578
Wayne,Moore,wmoorebc,wmoorebc@de.vu,4-(006)597-4209
Philip,Phillips,pphillipsbd,pphillipsbd@usa.gov,7-(693)563-7251
Dennis,Frazier,dfrazierbe,dfrazierbe@webmd.com,2-(040)508-4002
Randy,Chapman,rchapmanbf,rchapmanbf@istockphoto.com,5-(426)525-6568
Anne,Murphy,amurphybg,amurphybg@google.com,3-(996)340-0001
Frances,Henderson,fhendersonbh,fhendersonbh@wufoo.com,9-(915)845-5065
Anna,Collins,acollinsbi,acollinsbi@nba.com,8-(918)904-0497
Ryan,Hall,rhallbj,rhallbj@aol.com,1-(282)193-4792
Barbara,Wood,bwoodbk,bwoodbk@army.mil,1-(501)325-0803
Carlos,Peters,cpetersbl,cpetersbl@psu.edu,7-(303)992-5441
Susan,Arnold,sarnoldbm,sarnoldbm@craigslist.org,7-(643)334-6149
Douglas,Ellis,dellisbn,dellisbn@opera.com,1-(493)852-7743
Dorothy,Lawson,dlawsonbo,dlawsonbo@tripod.com,9-(450)032-3293
Evelyn,Spencer,espencerbp,espencerbp@fda.gov,2-(014)850-6106
George,Parker,gparkerbq,gparkerbq@clickbank.net,2-(576)346-7302
Frances,Hunter,fhunterbr,fhunterbr@topsy.com,3-(286)562-1567
Frances,Nichols,fnicholsbs,fnicholsbs@about.com,5-(116)909-9084
Donald,Roberts,drobertsbt,drobertsbt@exblog.jp,1-(576)314-7969
Pamela,Myers,pmyersbu,pmyersbu@naver.com,7-(204)460-5230
Fred,Frazier,ffrazierbv,ffrazierbv@gmpg.org,5-(288)463-3301
Elizabeth,Grant,egrantbw,egrantbw@icq.com,1-(531)968-2574
Todd,Bell,tbellbx,tbellbx@yellowpages.com,4-(577)588-8572
Judy,Reyes,jreyesby,jreyesby@elpais.com,0-(210)336-8272
Jose,Andrews,jandrewsbz,jandrewsbz@networksolutions.com,0-(293)215-2177
Stephen,Kim,skimc0,skimc0@twitpic.com,7-(799)876-3785
Billy,Wallace,bwallacec1,bwallacec1@cisco.com,6-(145)923-6650
Jeffrey,Hart,jhartc2,jhartc2@elpais.com,3-(490)669-0466
Brandon,Mccoy,bmccoyc3,bmccoyc3@oracle.com,1-(903)498-4011
Pamela,Robertson,probertsonc4,probertsonc4@rakuten.co.jp,7-(625)207-1405
Barbara,Hart,bhartc5,bhartc5@oakley.com,7-(992)326-0518
Nicole,Johnson,njohnsonc6,njohnsonc6@dagondesign.com,5-(815)392-6300
Joan,Crawford,jcrawfordc7,jcrawfordc7@nationalgeographic.com,1-(226)814-1130
Jeremy,Jacobs,jjacobsc8,jjacobsc8@prnewswire.com,8-(569)673-9873
Judith,Griffin,jgriffinc9,jgriffinc9@people.com.cn,4-(068)857-6736
Joyce,Edwards,jedwardsca,jedwardsca@blogs.com,4-(908)171-7825
Earl,Banks,ebankscb,ebankscb@discovery.com,2-(562)220-5280
Andrew,Dean,adeancc,adeancc@yandex.ru,7-(435)695-1238
Diana,Lynch,dlynchcd,dlynchcd@archive.org,5-(153)508-4323
Samuel,Cox,scoxce,scoxce@behance.net,1-(917)163-6869
Carol,Porter,cportercf,cportercf@printfriendly.com,9-(976)830-6095
Carlos,Henderson,chendersoncg,chendersoncg@discovery.com,9-(730)720-7130
Rebecca,Collins,rcollinsch,rcollinsch@howstuffworks.com,3-(467)780-6261
Brandon,Davis,bdavisci,bdavisci@people.com.cn,6-(127)654-6227
Barbara,Montgomery,bmontgomerycj,bmontgomerycj@hugedomains.com,9-(916)521-7797
Katherine,Kelley,kkelleyck,kkelleyck@sciencedaily.com,3-(546)720-4625
Joseph,Walker,jwalkercl,jwalkercl@addthis.com,3-(420)401-9906
Julie,Flores,jflorescm,jflorescm@uiuc.edu,1-(707)744-5397
Theresa,Gilbert,tgilbertcn,tgilbertcn@chronoengine.com,2-(867)629-5607
Clarence,Welch,cwelchco,cwelchco@ted.com,2-(328)395-6411
Craig,Hansen,chansencp,chansencp@netlog.com,2-(865)336-8334
Mary,Schmidt,mschmidtcq,mschmidtcq@cdbaby.com,8-(003)994-6126
Ashley,James,ajamescr,ajamescr@blog.com,8-(031)692-4896
Betty,Rogers,brogerscs,brogerscs@aol.com,4-(958)581-8146
Steve,Long,slongct,slongct@wordpress.com,1-(315)017-4531
Patrick,Payne,ppaynecu,ppaynecu@apache.org,9-(830)600-4709
Kathryn,Meyer,kmeyercv,kmeyercv@guardian.co.uk,0-(626)052-9967
Brenda,Hansen,bhansencw,bhansencw@smugmug.com,5-(140)265-8153
Carol,Flores,cflorescx,cflorescx@sfgate.com,5-(395)328-3632
Matthew,Carr,mcarrcy,mcarrcy@chron.com,1-(910)196-8028
Scott,Gray,sgraycz,sgraycz@pagesperso-orange.fr,8-(317)633-1831
Timothy,Ellis,tellisd0,tellisd0@merriam-webster.com,8-(315)732-4516
Jimmy,Smith,jsmithd1,jsmithd1@wordpress.org,0-(181)215-6672
Craig,Payne,cpayned2,cpayned2@indiegogo.com,2-(197)305-1513
Helen,Martin,hmartind3,hmartind3@blinklist.com,8-(862)496-8760
Rebecca,Rodriguez,rrodriguezd4,rrodriguezd4@twitpic.com,6-(703)684-4415
Ryan,Bryant,rbryantd5,rbryantd5@timesonline.co.uk,7-(340)438-7030
Stephen,Rogers,srogersd6,srogersd6@soundcloud.com,1-(448)584-4036
Joseph,Young,jyoungd7,jyoungd7@mediafire.com,8-(341)484-4133
Jessica,Harrison,jharrisond8,jharrisond8@cdbaby.com,7-(796)377-8798
Ronald,Garza,rgarzad9,rgarzad9@marriott.com,5-(998)187-5833
Doris,Brown,dbrownda,dbrownda@nifty.com,2-(951)791-4911
Marie,Henderson,mhendersondb,mhendersondb@mozilla.org,0-(499)320-5893
Kathryn,Cunningham,kcunninghamdc,kcunninghamdc@mac.com,7-(899)437-8484
Cynthia,Hanson,chansondd,chansondd@furl.net,3-(773)125-0627
Marilyn,Hart,mhartde,mhartde@huffingtonpost.com,4-(729)298-2680
Martin,Hudson,mhudsondf,mhudsondf@netlog.com,4-(854)708-0080
Harold,Richardson,hrichardsondg,hrichardsondg@nba.com,2-(724)534-9416
Kelly,Montgomery,kmontgomerydh,kmontgomerydh@surveymonkey.com,8-(592)633-1944
Justin,Richards,jrichardsdi,jrichardsdi@cyberchimps.com,1-(832)360-0751
Margaret,George,mgeorgedj,mgeorgedj@prlog.org,7-(831)143-4339
Christine,Crawford,ccrawforddk,ccrawforddk@surveymonkey.com,3-(163)765-4616
Brenda,Montgomery,bmontgomerydl,bmontgomerydl@gnu.org,3-(754)270-8292
Wayne,Martin,wmartindm,wmartindm@skyrock.com,2-(097)802-7254
Andrea,Jordan,ajordandn,ajordandn@usda.gov,9-(980)070-2936
Amanda,Turner,aturnerdo,aturnerdo@home.pl,4-(244)459-9076
Sean,Stanley,sstanleydp,sstanleydp@admin.ch,1-(584)089-2811
Antonio,Romero,aromerodq,aromerodq@amazon.co.jp,0-(419)244-9605
Gregory,Gibson,ggibsondr,ggibsondr@mozilla.org,4-(827)118-7687
Elizabeth,Rose,eroseds,eroseds@slideshare.net,3-(133)115-4571
Elizabeth,Anderson,eandersondt,eandersondt@samsung.com,7-(121)368-4301
Carol,Parker,cparkerdu,cparkerdu@scribd.com,0-(000)636-3277
Denise,Gonzales,dgonzalesdv,dgonzalesdv@alibaba.com,7-(255)773-0556
Chris,Kim,ckimdw,ckimdw@go.com,1-(236)728-7980
Aaron,Rivera,ariveradx,ariveradx@businessinsider.com,7-(741)271-0921
Marilyn,George,mgeorgedy,mgeorgedy@furl.net,8-(967)275-5026
Harry,Davis,hdavisdz,hdavisdz@pcworld.com,9-(629)654-5511
Ashley,Martin,amartine0,amartine0@narod.ru,2-(003)131-5426
Mary,Richards,mrichardse1,mrichardse1@last.fm,6-(479)406-4187
Anne,Hamilton,ahamiltone2,ahamiltone2@comsenz.com,7-(612)929-4928
Raymond,Harris,rharrise3,rharrise3@wikimedia.org,7-(658)364-2762
Melissa,Sanders,msanderse4,msanderse4@cam.ac.uk,6-(393)947-9967
Roy,Martin,rmartine5,rmartine5@statcounter.com,1-(451)000-4652
Howard,Olson,holsone6,holsone6@cargocollective.com,9-(361)877-2648
Lisa,Gonzales,lgonzalese7,lgonzalese7@rambler.ru,2-(376)328-4379
Andrew,Morris,amorrise8,amorrise8@discovery.com,7-(565)322-2811
Emily,Hunt,ehunte9,ehunte9@wired.com,8-(664)800-4235
Bruce,Fuller,bfullerea,bfullerea@constantcontact.com,2-(178)341-3113
Norma,Peterson,npetersoneb,npetersoneb@google.com.hk,0-(700)291-4252
Gloria,Williamson,gwilliamsonec,gwilliamsonec@cnn.com,8-(641)077-1475
Arthur,Hayes,ahayesed,ahayesed@live.com,4-(101)246-4557
Annie,Harrison,aharrisonee,aharrisonee@ifeng.com,1-(344)967-8052
Pamela,Jones,pjonesef,pjonesef@answers.com,6-(375)694-9026
Ruth,Richardson,rrichardsoneg,rrichardsoneg@i2i.jp,3-(239)350-0849
Gerald,Wagner,gwagnereh,gwagnereh@npr.org,4-(744)816-4670
Marilyn,Schmidt,mschmidtei,mschmidtei@blogs.com,6-(309)788-0384
Paula,West,pwestej,pwestej@drupal.org,1-(648)574-8744
Tammy,Stanley,tstanleyek,tstanleyek@sourceforge.net,1-(330)555-7343
Earl,Garcia,egarciael,egarciael@bizjournals.com,7-(796)208-3186
Raymond,Payne,rpayneem,rpayneem@oracle.com,7-(773)048-6929
Adam,Palmer,apalmeren,apalmeren@clickbank.net,1-(889)335-5798
Shawn,Lawson,slawsoneo,slawsoneo@networksolutions.com,6-(881)300-7380
Shawn,Johnston,sjohnstonep,sjohnstonep@jimdo.com,7-(013)583-6177
Samuel,Brown,sbrowneq,sbrowneq@hostgator.com,5-(806)563-4342
Chris,Peters,cpeterser,cpeterser@webs.com,9-(866)286-6272
Jimmy,Crawford,jcrawfordes,jcrawfordes@latimes.com,8-(908)674-4061
Ryan,Hanson,rhansonet,rhansonet@linkedin.com,7-(018)934-2670
Antonio,Peters,apeterseu,apeterseu@alibaba.com,9-(692)595-5360
Joseph,Anderson,jandersonev,jandersonev@vk.com,0-(876)706-3925
Henry,Ramirez,hramirezew,hramirezew@freewebs.com,3-(597)225-0287
Susan,Price,spriceex,spriceex@amazon.co.uk,3-(379)264-0171
Katherine,Black,kblackey,kblackey@rakuten.co.jp,8-(571)080-5724
Sean,Perry,sperryez,sperryez@state.gov,3-(828)660-5291
Sarah,Richardson,srichardsonf0,srichardsonf0@cam.ac.uk,9-(129)191-8200
Annie,Garrett,agarrettf1,agarrettf1@tripadvisor.com,4-(888)755-9720
Alan,Hill,ahillf2,ahillf2@dyndns.org,3-(116)575-9749
Martin,Anderson,mandersonf3,mandersonf3@a8.net,0-(698)493-4825
Roger,Montgomery,rmontgomeryf4,rmontgomeryf4@reuters.com,0-(914)991-3417
Michael,Kelley,mkelleyf5,mkelleyf5@illinois.edu,4-(797)264-7381
Emily,Ray,erayf6,erayf6@paginegialle.it,0-(020)546-9842
Louis,Stanley,lstanleyf7,lstanleyf7@google.com,1-(985)547-4912
Mark,Rose,mrosef8,mrosef8@twitter.com,6-(407)171-5062
Jesse,Mendoza,jmendozaf9,jmendozaf9@sfgate.com,9-(457)297-8626
Jeffrey,Elliott,jelliottfa,jelliottfa@arstechnica.com,8-(618)143-9073
Lisa,Montgomery,lmontgomeryfb,lmontgomeryfb@senate.gov,1-(412)825-2646
Helen,Ellis,hellisfc,hellisfc@omniture.com,6-(505)048-7886
Jessica,Hill,jhillfd,jhillfd@unesco.org,9-(193)343-7292
Craig,Thompson,cthompsonfe,cthompsonfe@archive.org,3-(755)096-2056
Virginia,Ray,vrayff,vrayff@taobao.com,8-(000)704-5451
Anna,Knight,aknightfg,aknightfg@vkontakte.ru,8-(819)988-1511
Elizabeth,Wood,ewoodfh,ewoodfh@zdnet.com,5-(326)417-3280
Raymond,Ryan,rryanfi,rryanfi@google.co.jp,7-(231)312-0647
Jerry,Ray,jrayfj,jrayfj@cpanel.net,9-(180)716-8279
Rose,Vasquez,rvasquezfk,rvasquezfk@domainmarket.com,1-(877)162-4597
Phillip,Ford,pfordfl,pfordfl@chron.com,2-(572)599-3040
Adam,Bell,abellfm,abellfm@hibu.com,8-(934)314-1748
Benjamin,Daniels,bdanielsfn,bdanielsfn@phpbb.com,9-(665)217-8235
Judith,Sanchez,jsanchezfo,jsanchezfo@goo.ne.jp,5-(232)579-6880
Lawrence,Jackson,ljacksonfp,ljacksonfp@wikipedia.org,8-(847)546-9487
Sandra,Ryan,sryanfq,sryanfq@buzzfeed.com,0-(483)227-6373
Alice,Ramos,aramosfr,aramosfr@wix.com,6-(273)272-6097
Diane,Frazier,dfrazierfs,dfrazierfs@amazonaws.com,4-(985)175-7221
Kathryn,Kim,kkimft,kkimft@edublogs.org,5-(865)785-3716
Antonio,Bishop,abishopfu,abishopfu@chicagotribune.com,1-(966)870-1001
Christopher,Young,cyoungfv,cyoungfv@nhs.uk,4-(850)251-2637
Kevin,Tucker,ktuckerfw,ktuckerfw@mlb.com,5-(997)286-1059
Christopher,Morrison,cmorrisonfx,cmorrisonfx@ifeng.com,9-(039)484-0636
Jean,Collins,jcollinsfy,jcollinsfy@youtu.be,0-(848)746-5924
Janet,James,jjamesfz,jjamesfz@macromedia.com,2-(945)296-8370
Ryan,Flores,rfloresg0,rfloresg0@t-online.de,3-(516)887-6953
Raymond,Wagner,rwagnerg1,rwagnerg1@wisc.edu,2-(549)850-6506
Tammy,Austin,tausting2,tausting2@yolasite.com,8-(615)831-5059
Gregory,Burke,gburkeg3,gburkeg3@1und1.de,1-(657)034-0563
Bonnie,Fernandez,bfernandezg4,bfernandezg4@moonfruit.com,2-(839)201-0460
Joshua,Murray,jmurrayg5,jmurrayg5@cocolog-nifty.com,5-(905)338-6736
Sara,Morales,smoralesg6,smoralesg6@tiny.cc,0-(335)942-1112
Martin,James,mjamesg7,mjamesg7@exblog.jp,3-(208)023-5350
John,Simmons,jsimmonsg8,jsimmonsg8@google.cn,2-(530)776-7713
Arthur,Burns,aburnsg9,aburnsg9@huffingtonpost.com,3-(191)679-3839
Johnny,Murray,jmurrayga,jmurrayga@craigslist.org,8-(610)990-0905
Kenneth,Peters,kpetersgb,kpetersgb@bing.com,9-(744)881-1733
Ernest,Mccoy,emccoygc,emccoygc@dropbox.com,1-(844)868-6183
Alan,Boyd,aboydgd,aboydgd@omniture.com,4-(529)533-0912
Judy,Lee,jleege,jleege@fema.gov,9-(618)732-2954
Janet,Knight,jknightgf,jknightgf@businesswire.com,5-(463)119-7225
Paula,Oliver,polivergg,polivergg@tinyurl.com,3-(250)096-4395
Gloria,Simmons,gsimmonsgh,gsimmonsgh@nymag.com,2-(559)907-8921
Rose,Collins,rcollinsgi,rcollinsgi@mlb.com,8-(705)799-7933
Joyce,Wells,jwellsgj,jwellsgj@pbs.org,2-(707)822-4412
Earl,Ortiz,eortizgk,eortizgk@com.com,0-(664)160-8248
Gregory,Snyder,gsnydergl,gsnydergl@rediff.com,7-(158)930-9821
Sara,Anderson,sandersongm,sandersongm@cornell.edu,6-(698)501-1998
Marilyn,Fox,mfoxgn,mfoxgn@twitpic.com,7-(161)090-7748
Janice,Daniels,jdanielsgo,jdanielsgo@un.org,5-(966)870-2165
Henry,Lawrence,hlawrencegp,hlawrencegp@rediff.com,8-(321)644-5408
Todd,Peterson,tpetersongq,tpetersongq@shareasale.com,7-(128)188-0243
Andrew,Johnson,ajohnsongr,ajohnsongr@virginia.edu,8-(680)225-2919
Phillip,Rice,pricegs,pricegs@drupal.org,6-(599)089-5588
Mark,Reynolds,mreynoldsgt,mreynoldsgt@xrea.com,5-(955)182-6996
Jack,Daniels,jdanielsgu,jdanielsgu@icio.us,0-(460)095-1235
Larry,Martin,lmartingv,lmartingv@accuweather.com,2-(930)597-0862
Gerald,Martinez,gmartinezgw,gmartinezgw@spiegel.de,1-(886)211-4087
Kathy,Young,kyounggx,kyounggx@yale.edu,3-(307)364-1423
Jose,Matthews,jmatthewsgy,jmatthewsgy@infoseek.co.jp,6-(020)557-7056
Samuel,Russell,srussellgz,srussellgz@google.com.au,3-(285)925-6551
Pamela,Nguyen,pnguyenh0,pnguyenh0@psu.edu,8-(823)139-4423
William,Warren,wwarrenh1,wwarrenh1@chicagotribune.com,9-(460)008-8124
Ralph,Austin,raustinh2,raustinh2@ifeng.com,8-(895)351-6841
Anne,Cooper,acooperh3,acooperh3@sina.com.cn,8-(887)038-5564
Harold,Payne,hpayneh4,hpayneh4@wiley.com,9-(926)477-1639
Eugene,Adams,eadamsh5,eadamsh5@bing.com,3-(913)413-9221
Todd,Jackson,tjacksonh6,tjacksonh6@google.co.jp,7-(091)537-7832
Bobby,Ellis,bellish7,bellish7@qq.com,3-(841)598-3415
Kathryn,Cruz,kcruzh8,kcruzh8@imageshack.us,0-(534)515-8350
Frank,Black,fblackh9,fblackh9@youku.com,3-(569)281-9741
Rachel,Daniels,rdanielsha,rdanielsha@springer.com,8-(710)069-3255
Laura,Grant,lgranthb,lgranthb@prlog.org,4-(216)491-0740
Dorothy,Crawford,dcrawfordhc,dcrawfordhc@hostgator.com,3-(964)195-5669
Anne,Cunningham,acunninghamhd,acunninghamhd@yolasite.com,6-(118)759-3595
Jerry,Peters,jpetershe,jpetershe@youku.com,3-(756)433-2711
Donald,West,dwesthf,dwesthf@hud.gov,3-(687)695-2175
Martin,Howard,mhowardhg,mhowardhg@answers.com,9-(216)487-1814
Carl,Allen,callenhh,callenhh@istockphoto.com,7-(182)051-7509
Brian,Fields,bfieldshi,bfieldshi@soup.io,4-(484)460-5469
Samuel,Sims,ssimshj,ssimshj@feedburner.com,8-(390)431-1349
Craig,Davis,cdavishk,cdavishk@unc.edu,6-(837)618-0320
Stephanie,Morales,smoraleshl,smoraleshl@t-online.de,2-(535)406-7928
Frank,Wheeler,fwheelerhm,fwheelerhm@topsy.com,6-(309)503-0471
Edward,Ruiz,eruizhn,eruizhn@slate.com,1-(682)095-9073
George,Castillo,gcastilloho,gcastilloho@pagesperso-orange.fr,8-(039)984-6608
Ruby,Carter,rcarterhp,rcarterhp@bizjournals.com,1-(562)641-2798
Joe,Howell,jhowellhq,jhowellhq@shareasale.com,2-(710)969-1621
Joan,Ellis,jellishr,jellishr@uiuc.edu,3-(510)402-4292
Eugene,Bennett,ebennetths,ebennetths@house.gov,5-(463)415-0111
Raymond,Rose,rroseht,rroseht@sina.com.cn,2-(610)855-3304
Marie,Palmer,mpalmerhu,mpalmerhu@hexun.com,2-(227)172-7523
Paula,Perez,pperezhv,pperezhv@abc.net.au,0-(094)808-2602
Harry,Mcdonald,hmcdonaldhw,hmcdonaldhw@patch.com,8-(570)254-9337
Roy,Ellis,rellishx,rellishx@mail.ru,2-(907)086-5981
Bobby,Cook,bcookhy,bcookhy@ted.com,4-(501)661-4217
Paula,Cunningham,pcunninghamhz,pcunninghamhz@amazon.com,1-(453)790-8030
Jerry,Robinson,jrobinsoni0,jrobinsoni0@wp.com,5-(729)955-7698
Roger,Cruz,rcruzi1,rcruzi1@youtu.be,0-(911)822-0771
Dennis,Stone,dstonei2,dstonei2@reference.com,7-(865)561-1825
Peter,Robinson,probinsoni3,probinsoni3@ted.com,9-(837)960-8672
Joan,Hudson,jhudsoni4,jhudsoni4@omniture.com,4-(975)403-2579
Timothy,Jordan,tjordani5,tjordani5@epa.gov,2-(602)605-3405
Shawn,Bailey,sbaileyi6,sbaileyi6@yale.edu,4-(821)982-1690
Gerald,Willis,gwillisi7,gwillisi7@pen.io,1-(259)447-2239
Patrick,Butler,pbutleri8,pbutleri8@harvard.edu,2-(532)058-6029
Judith,Gomez,jgomezi9,jgomezi9@columbia.edu,7-(732)529-3985
Tammy,Rose,troseia,troseia@bbb.org,1-(768)969-1733
Susan,Gray,sgrayib,sgrayib@wordpress.com,2-(437)981-9770
Katherine,Elliott,kelliottic,kelliottic@bbc.co.uk,8-(733)551-2146
Marie,Morrison,mmorrisonid,mmorrisonid@last.fm,2-(323)216-8710
Carlos,Ramos,cramosie,cramosie@noaa.gov,1-(993)828-8636
Chris,Mccoy,cmccoyif,cmccoyif@oaic.gov.au,3-(067)648-4877
Ralph,Perry,rperryig,rperryig@state.tx.us,1-(885)407-1983
Eric,Ortiz,eortizih,eortizih@bravesites.com,3-(868)852-0615
Norma,Harrison,nharrisonii,nharrisonii@ifeng.com,2-(912)459-0185
Steven,Price,spriceij,spriceij@scribd.com,5-(467)012-2468
Henry,Hawkins,hhawkinsik,hhawkinsik@un.org,6-(204)088-8012
Ruth,Welch,rwelchil,rwelchil@toplist.cz,5-(547)956-2271
Sandra,Larson,slarsonim,slarsonim@whitehouse.gov,0-(650)034-2211
Samuel,Carroll,scarrollin,scarrollin@slideshare.net,6-(229)925-1180
Charles,Price,cpriceio,cpriceio@jiathis.com,3-(611)616-3834
Elizabeth,Perez,eperezip,eperezip@microsoft.com,9-(597)486-2522
David,Henry,dhenryiq,dhenryiq@eepurl.com,5-(136)035-6193
Kelly,Dixon,kdixonir,kdixonir@geocities.jp,1-(927)003-9404
Ernest,Long,elongis,elongis@trellian.com,2-(662)796-5452
Albert,Wallace,awallaceit,awallaceit@huffingtonpost.com,7-(486)038-9357
James,Day,jdayiu,jdayiu@ezinearticles.com,4-(108)350-8706
Lori,Spencer,lspenceriv,lspenceriv@pinterest.com,3-(988)642-5723
Peter,Andrews,pandrewsiw,pandrewsiw@cnbc.com,6-(215)030-3182
Steven,Butler,sbutlerix,sbutlerix@photobucket.com,1-(020)781-1604
Frank,Montgomery,fmontgomeryiy,fmontgomeryiy@blogger.com,4-(861)643-4693
Mary,Price,mpriceiz,mpriceiz@usnews.com,0-(069)771-1084
Teresa,Hart,thartj0,thartj0@cnn.com,6-(246)799-8954
Billy,Stone,bstonej1,bstonej1@macromedia.com,2-(440)416-7218
Wayne,Frazier,wfrazierj2,wfrazierj2@tiny.cc,5-(727)938-1806
Robin,Ortiz,rortizj3,rortizj3@yelp.com,9-(653)094-9372
Daniel,Walker,dwalkerj4,dwalkerj4@wiley.com,1-(087)634-1080
Mary,Washington,mwashingtonj5,mwashingtonj5@oracle.com,6-(186)123-3087
Daniel,Duncan,dduncanj6,dduncanj6@creativecommons.org,1-(702)791-0330
Rebecca,Wilson,rwilsonj7,rwilsonj7@netvibes.com,3-(599)749-1370
Karen,Shaw,kshawj8,kshawj8@topsy.com,4-(823)047-2189
Antonio,Wheeler,awheelerj9,awheelerj9@elegantthemes.com,1-(161)410-7131
Kenneth,Castillo,kcastilloja,kcastilloja@google.de,8-(300)374-5212
Chris,Ortiz,cortizjb,cortizjb@parallels.com,0-(400)024-8338
Chris,Fernandez,cfernandezjc,cfernandezjc@dell.com,1-(305)273-4021
Russell,Greene,rgreenejd,rgreenejd@nhs.uk,3-(744)848-9426
Lillian,King,lkingje,lkingje@nsw.gov.au,4-(152)299-6660
Harold,Elliott,helliottjf,helliottjf@microsoft.com,8-(351)561-5609
Victor,Garrett,vgarrettjg,vgarrettjg@nytimes.com,1-(704)702-7037
Fred,Henderson,fhendersonjh,fhendersonjh@independent.co.uk,5-(587)628-4949
Theresa,Knight,tknightji,tknightji@mapy.cz,7-(055)432-4953
Sharon,Robinson,srobinsonjj,srobinsonjj@creativecommons.org,2-(248)284-4656
Marilyn,Crawford,mcrawfordjk,mcrawfordjk@fda.gov,0-(375)470-5219
Randy,Hart,rhartjl,rhartjl@irs.gov,6-(532)284-8549
Judith,Miller,jmillerjm,jmillerjm@yahoo.co.jp,6-(740)389-1580
Randy,Barnes,rbarnesjn,rbarnesjn@free.fr,3-(207)581-9732
Ronald,Hawkins,rhawkinsjo,rhawkinsjo@nytimes.com,4-(413)850-8386
David,Franklin,dfranklinjp,dfranklinjp@alibaba.com,1-(162)166-2311
Kevin,Sullivan,ksullivanjq,ksullivanjq@etsy.com,6-(242)552-1269
Kathy,Johnson,kjohnsonjr,kjohnsonjr@bandcamp.com,8-(999)702-9161
Wayne,Morrison,wmorrisonjs,wmorrisonjs@answers.com,3-(793)436-9789
Rose,Rogers,rrogersjt,rrogersjt@jiathis.com,1-(740)555-9881
Gloria,Hart,ghartju,ghartju@angelfire.com,2-(909)666-7052
Eric,Romero,eromerojv,eromerojv@yandex.ru,0-(481)835-1802
Matthew,Martinez,mmartinezjw,mmartinezjw@reuters.com,5-(821)515-8387
Cynthia,Burke,cburkejx,cburkejx@about.com,4-(682)149-7887
Ruby,Chapman,rchapmanjy,rchapmanjy@vistaprint.com,8-(444)650-8092
Laura,Burton,lburtonjz,lburtonjz@github.io,3-(826)878-5452
Cheryl,Rivera,criverak0,criverak0@apache.org,2-(903)006-3999
Bruce,Young,byoungk1,byoungk1@simplemachines.org,5-(683)225-5003
Keith,Payne,kpaynek2,kpaynek2@friendfeed.com,3-(847)499-6377
Gary,Thompson,gthompsonk3,gthompsonk3@reuters.com,5-(429)982-8809
Joshua,Collins,jcollinsk4,jcollinsk4@eventbrite.com,6-(529)419-7314
Barbara,Williams,bwilliamsk5,bwilliamsk5@mashable.com,1-(692)560-7523
John,Cole,jcolek6,jcolek6@timesonline.co.uk,1-(964)023-8567
Catherine,Hanson,chansonk7,chansonk7@yellowbook.com,5-(035)514-2807
Justin,Wheeler,jwheelerk8,jwheelerk8@dagondesign.com,4-(385)141-7104
Peter,James,pjamesk9,pjamesk9@trellian.com,4-(910)871-7885
Brian,Wagner,bwagnerka,bwagnerka@wufoo.com,3-(406)645-1145
Raymond,Adams,radamskb,radamskb@tiny.cc,6-(897)539-2923
Andrew,Murray,amurraykc,amurraykc@hc360.com,8-(234)535-7797
Earl,Bishop,ebishopkd,ebishopkd@cnet.com,3-(645)450-1488
Joan,West,jwestke,jwestke@mayoclinic.com,0-(839)654-2288
Albert,Porter,aporterkf,aporterkf@merriam-webster.com,8-(626)007-0076
John,Williams,jwilliamskg,jwilliamskg@census.gov,5-(721)170-9895
Rebecca,Berry,rberrykh,rberrykh@cnet.com,5-(835)836-8245
Elizabeth,Green,egreenki,egreenki@technorati.com,4-(694)521-0226
Roy,Edwards,redwardskj,redwardskj@wikipedia.org,1-(131)333-8420
Rose,Welch,rwelchkk,rwelchkk@arstechnica.com,9-(259)099-1051
Carolyn,Simmons,csimmonskl,csimmonskl@youku.com,1-(735)493-5324
Angela,Chapman,achapmankm,achapmankm@utexas.edu,0-(773)780-8313
Theresa,Harrison,tharrisonkn,tharrisonkn@ocn.ne.jp,0-(714)561-2105
Patricia,Hernandez,phernandezko,phernandezko@booking.com,6-(421)005-2721
Virginia,Taylor,vtaylorkp,vtaylorkp@buzzfeed.com,6-(633)450-5969
Jerry,Alvarez,jalvarezkq,jalvarezkq@t.co,5-(661)683-1996
Philip,Smith,psmithkr,psmithkr@dyndns.org,5-(212)249-1800
Larry,Hicks,lhicksks,lhicksks@about.com,9-(101)301-8796
Kathleen,Patterson,kpattersonkt,kpattersonkt@miitbeian.gov.cn,9-(284)140-0355
Anna,Lawson,alawsonku,alawsonku@google.cn,6-(033)098-2632
Kimberly,Bennett,kbennettkv,kbennettkv@opera.com,3-(977)731-0876
Margaret,Hill,mhillkw,mhillkw@webnode.com,4-(499)259-5721
Gloria,Powell,gpowellkx,gpowellkx@seesaa.net,4-(181)875-1505
Todd,Bailey,tbaileyky,tbaileyky@last.fm,6-(299)153-2847
Carol,Weaver,cweaverkz,cweaverkz@weather.com,0-(827)558-2454
Harold,Long,hlongl0,hlongl0@plala.or.jp,5-(445)427-0619
Scott,Jacobs,sjacobsl1,sjacobsl1@wisc.edu,2-(279)090-8444
Eugene,Kim,ekiml2,ekiml2@indiatimes.com,3-(806)936-4950
Jean,Burton,jburtonl3,jburtonl3@bigcartel.com,0-(738)786-2710
Jane,Woods,jwoodsl4,jwoodsl4@va.gov,3-(943)933-6903
Frank,Hernandez,fhernandezl5,fhernandezl5@deviantart.com,9-(200)770-9721
Margaret,Hill,mhilll6,mhilll6@list-manage.com,3-(142)554-8157
Louis,Warren,lwarrenl7,lwarrenl7@fotki.com,1-(509)445-4916
Ann,Harrison,aharrisonl8,aharrisonl8@sciencedaily.com,7-(503)290-5680
Randy,Elliott,relliottl9,relliottl9@goodreads.com,0-(822)350-3338
Johnny,Stephens,jstephensla,jstephensla@forbes.com,6-(602)449-6973
Robin,Reid,rreidlb,rreidlb@geocities.com,6-(981)983-6624
Annie,Jacobs,ajacobslc,ajacobslc@hibu.com,4-(343)177-5898
Janet,Johnson,jjohnsonld,jjohnsonld@nps.gov,8-(970)359-2894
Roy,Mccoy,rmccoyle,rmccoyle@economist.com,5-(956)017-9466
Christina,Griffin,cgriffinlf,cgriffinlf@theatlantic.com,2-(484)564-0633
Ruth,Carr,rcarrlg,rcarrlg@youku.com,4-(857)909-4231
Randy,Wilson,rwilsonlh,rwilsonlh@nyu.edu,1-(189)023-9444
Edward,Dixon,edixonli,edixonli@wsj.com,8-(134)868-4362
John,Chavez,jchavezlj,jchavezlj@barnesandnoble.com,1-(544)146-7617
Larry,Edwards,ledwardslk,ledwardslk@purevolume.com,7-(157)166-3559
Frances,Garrett,fgarrettll,fgarrettll@gnu.org,7-(117)462-2031
Aaron,Frazier,afrazierlm,afrazierlm@hibu.com,8-(819)949-8764
Louise,Hansen,lhansenln,lhansenln@si.edu,1-(900)524-4117
Albert,Perry,aperrylo,aperrylo@dailymotion.com,7-(071)297-0496
Tammy,Ortiz,tortizlp,tortizlp@whitehouse.gov,9-(706)200-8289
Ernest,Fisher,efisherlq,efisherlq@indiegogo.com,6-(539)509-3499
Steven,Murphy,smurphylr,smurphylr@microsoft.com,1-(718)008-2497
Gerald,Gutierrez,ggutierrezls,ggutierrezls@networksolutions.com,4-(122)017-0063
Douglas,Howard,dhowardlt,dhowardlt@shareasale.com,8-(259)282-1348
Katherine,Scott,kscottlu,kscottlu@businessweek.com,2-(247)747-5570
Jack,Howell,jhowelllv,jhowelllv@unicef.org,5-(640)033-8640
Timothy,Hart,thartlw,thartlw@google.it,1-(685)627-7554
Larry,Daniels,ldanielslx,ldanielslx@usatoday.com,6-(627)303-3950
Judy,Jackson,jjacksonly,jjacksonly@psu.edu,1-(736)628-2294
Karen,Burke,kburkelz,kburkelz@delicious.com,1-(977)849-4064
Earl,Carroll,ecarrollm0,ecarrollm0@patch.com,8-(867)257-0501
Eugene,Andrews,eandrewsm1,eandrewsm1@statcounter.com,5-(795)351-2438
Julie,Webb,jwebbm2,jwebbm2@icq.com,2-(062)000-7560
Lisa,Diaz,ldiazm3,ldiazm3@g.co,9-(354)111-8443
Deborah,Bennett,dbennettm4,dbennettm4@hhs.gov,1-(395)378-8738
Marie,Medina,mmedinam5,mmedinam5@webeden.co.uk,6-(975)611-5598
Joshua,Perez,jperezm6,jperezm6@sbwire.com,8-(252)162-2251
Dennis,Hall,dhallm7,dhallm7@businesswire.com,3-(767)975-4369
Kenneth,Kelley,kkelleym8,kkelleym8@nih.gov,8-(107)433-1452
Frances,Willis,fwillism9,fwillism9@posterous.com,5-(033)006-0119
Susan,Sanchez,ssanchezma,ssanchezma@apache.org,7-(710)325-8850
Dennis,Gordon,dgordonmb,dgordonmb@discovery.com,9-(806)876-6196
Paul,Rogers,progersmc,progersmc@jiathis.com,4-(312)816-4705
Mary,Hansen,mhansenmd,mhansenmd@cyberchimps.com,7-(728)603-7708
Deborah,Crawford,dcrawfordme,dcrawfordme@constantcontact.com,5-(475)322-3162
Roger,Hudson,rhudsonmf,rhudsonmf@apache.org,4-(488)794-4004
Lori,Adams,ladamsmg,ladamsmg@sohu.com,4-(275)165-3701
Betty,Larson,blarsonmh,blarsonmh@jiathis.com,8-(673)469-2494
Ronald,Burton,rburtonmi,rburtonmi@princeton.edu,2-(392)427-6455
Charles,Grant,cgrantmj,cgrantmj@whitehouse.gov,0-(088)247-3423
Todd,Jenkins,tjenkinsmk,tjenkinsmk@trellian.com,3-(892)119-2931
Janice,Washington,jwashingtonml,jwashingtonml@wired.com,2-(975)949-5973
Craig,Hill,chillmm,chillmm@arizona.edu,7-(043)048-1511
Janice,Rodriguez,jrodriguezmn,jrodriguezmn@squidoo.com,4-(910)041-4124
Ralph,Wallace,rwallacemo,rwallacemo@sun.com,6-(850)697-7345
Dennis,Cox,dcoxmp,dcoxmp@washingtonpost.com,3-(076)398-2922
Heather,Reed,hreedmq,hreedmq@admin.ch,5-(811)541-6152
Gerald,Robertson,grobertsonmr,grobertsonmr@independent.co.uk,8-(550)660-5576
Linda,Gonzales,lgonzalesms,lgonzalesms@blogtalkradio.com,3-(718)663-5102
Rose,Jordan,rjordanmt,rjordanmt@newyorker.com,3-(512)508-8940
Tina,Mcdonald,tmcdonaldmu,tmcdonaldmu@bbc.co.uk,7-(276)016-2527
Nicholas,Sanders,nsandersmv,nsandersmv@comsenz.com,8-(021)515-0850
Jeffrey,Ramirez,jramirezmw,jramirezmw@reverbnation.com,1-(254)026-5994
Beverly,Dean,bdeanmx,bdeanmx@instagram.com,7-(909)892-9637
Paula,Martinez,pmartinezmy,pmartinezmy@sun.com,9-(974)362-7927
Patrick,Gibson,pgibsonmz,pgibsonmz@illinois.edu,8-(679)886-2758
Raymond,Schmidt,rschmidtn0,rschmidtn0@mediafire.com,5-(682)385-8040
Jeffrey,Cook,jcookn1,jcookn1@admin.ch,2-(304)238-6405
Anne,Grant,agrantn2,agrantn2@printfriendly.com,6-(050)293-7467
Ryan,Lane,rlanen3,rlanen3@yolasite.com,4-(235)111-9699
Gerald,Nichols,gnicholsn4,gnicholsn4@etsy.com,6-(828)904-6429
Andrew,Wells,awellsn5,awellsn5@seattletimes.com,3-(563)033-8632
Todd,Knight,tknightn6,tknightn6@unicef.org,9-(165)770-4410
Bruce,Russell,brusselln7,brusselln7@constantcontact.com,9-(924)814-6128
Chris,Walker,cwalkern8,cwalkern8@geocities.com,8-(581)978-8236
Lois,Sims,lsimsn9,lsimsn9@businessinsider.com,0-(436)836-2528
Jean,Murphy,jmurphyna,jmurphyna@4shared.com,7-(862)386-3754
Amy,Chavez,achaveznb,achaveznb@plala.or.jp,6-(207)124-3764
David,Robinson,drobinsonnc,drobinsonnc@booking.com,2-(059)635-7454
Tina,Johnston,tjohnstonnd,tjohnstonnd@nationalgeographic.com,6-(430)785-0586
Nicholas,Bishop,nbishopne,nbishopne@feedburner.com,9-(928)661-7241
Sarah,Lawson,slawsonnf,slawsonnf@mlb.com,5-(290)905-6446
Antonio,Mcdonald,amcdonaldng,amcdonaldng@home.pl,3-(349)699-8694
Judy,Vasquez,jvasqueznh,jvasqueznh@yale.edu,4-(466)990-5833
Rose,Stephens,rstephensni,rstephensni@un.org,8-(322)105-7058
Ashley,Reed,areednj,areednj@linkedin.com,1-(397)932-1857
Philip,Gomez,pgomeznk,pgomeznk@vimeo.com,3-(467)916-3854
Marie,Wright,mwrightnl,mwrightnl@dell.com,4-(438)459-6995
Phillip,Harper,pharpernm,pharpernm@exblog.jp,5-(042)349-9174
Aaron,Turner,aturnernn,aturnernn@businessweek.com,2-(726)202-2894
Jeffrey,Hicks,jhicksno,jhicksno@discovery.com,2-(142)758-7175
Phyllis,Ford,pfordnp,pfordnp@cbsnews.com,9-(654)353-4254
Phyllis,Lewis,plewisnq,plewisnq@state.gov,7-(372)224-1822
Michael,Washington,mwashingtonnr,mwashingtonnr@qq.com,9-(958)990-5651
Billy,Gordon,bgordonns,bgordonns@huffingtonpost.com,6-(960)919-1319
Scott,Jones,sjonesnt,sjonesnt@infoseek.co.jp,0-(160)074-7178
Barbara,Meyer,bmeyernu,bmeyernu@amazon.com,6-(181)251-2263
Andrea,Wagner,awagnernv,awagnernv@addthis.com,1-(611)106-6643
Andrea,Bradley,abradleynw,abradleynw@tiny.cc,0-(524)627-5070
Joyce,Ramos,jramosnx,jramosnx@so-net.ne.jp,2-(288)949-5679
Gloria,Morrison,gmorrisonny,gmorrisonny@ucla.edu,9-(026)429-0976
Steve,George,sgeorgenz,sgeorgenz@google.cn,4-(244)250-5352
Jonathan,Gomez,jgomezo0,jgomezo0@sohu.com,4-(114)915-4165
Keith,Chapman,kchapmano1,kchapmano1@cyberchimps.com,0-(644)292-8723
Virginia,Murray,vmurrayo2,vmurrayo2@ow.ly,5-(288)291-5378
George,Ross,grosso3,grosso3@senate.gov,7-(454)698-7320
Ryan,Murphy,rmurphyo4,rmurphyo4@parallels.com,0-(453)995-9533
Rebecca,Kelly,rkellyo5,rkellyo5@discovery.com,1-(467)389-1734
Douglas,Bishop,dbishopo6,dbishopo6@is.gd,5-(161)934-7354
Douglas,Austin,daustino7,daustino7@dailymail.co.uk,6-(636)578-7045
Edward,Gutierrez,egutierrezo8,egutierrezo8@sakura.ne.jp,7-(910)216-2540
Stephen,Watkins,swatkinso9,swatkinso9@springer.com,3-(158)610-7989
Jean,Gutierrez,jgutierrezoa,jgutierrezoa@state.gov,2-(692)205-4183
Marilyn,Morrison,mmorrisonob,mmorrisonob@furl.net,8-(842)027-9524
Justin,Harris,jharrisoc,jharrisoc@forbes.com,3-(846)132-2280
Matthew,Ramos,mramosod,mramosod@g.co,7-(757)140-5782
Lisa,Owens,lowensoe,lowensoe@rambler.ru,4-(853)987-1570
Todd,Watkins,twatkinsof,twatkinsof@ow.ly,9-(407)096-3814
Judy,Wilson,jwilsonog,jwilsonog@bing.com,8-(283)240-5778
Jennifer,Stanley,jstanleyoh,jstanleyoh@rakuten.co.jp,5-(745)526-9331
Donna,Williams,dwilliamsoi,dwilliamsoi@msn.com,1-(081)603-5936
Wanda,Simpson,wsimpsonoj,wsimpsonoj@paypal.com,8-(108)117-3558
Matthew,Hayes,mhayesok,mhayesok@free.fr,2-(965)932-9697
Marie,Cunningham,mcunninghamol,mcunninghamol@about.com,0-(325)176-3304
Christina,Montgomery,cmontgomeryom,cmontgomeryom@businessweek.com,0-(801)662-0103
Rose,Wagner,rwagneron,rwagneron@discuz.net,9-(913)238-5119
Lillian,Sims,lsimsoo,lsimsoo@prlog.org,0-(840)346-8079
Gloria,Gonzalez,ggonzalezop,ggonzalezop@omniture.com,0-(879)837-9516
Ronald,Perry,rperryoq,rperryoq@360.cn,7-(905)581-5402
Margaret,Morales,mmoralesor,mmoralesor@sciencedirect.com,4-(478)831-4032
Matthew,Williamson,mwilliamsonos,mwilliamsonos@va.gov,0-(654)563-5298
Peter,Hall,phallot,phallot@npr.org,5-(519)218-5365
Christina,Armstrong,carmstrongou,carmstrongou@jugem.jp,1-(580)374-9146
Earl,Ward,ewardov,ewardov@cbslocal.com,9-(480)655-2249
Andrew,Ward,awardow,awardow@mail.ru,0-(807)086-2472
Terry,Lewis,tlewisox,tlewisox@google.de,9-(177)143-8587
Kevin,Holmes,kholmesoy,kholmesoy@imageshack.us,9-(716)408-8020
Henry,Watkins,hwatkinsoz,hwatkinsoz@hao123.com,8-(978)015-9286
Eugene,Jordan,ejordanp0,ejordanp0@yellowbook.com,7-(907)531-3811
Christine,Gardner,cgardnerp1,cgardnerp1@pinterest.com,4-(678)645-1384
Sarah,Ward,swardp2,swardp2@freewebs.com,6-(333)753-3319
Billy,Robertson,brobertsonp3,brobertsonp3@boston.com,3-(090)686-3038
Earl,Scott,escottp4,escottp4@epa.gov,5-(374)342-7246
Fred,Williamson,fwilliamsonp5,fwilliamsonp5@gov.uk,7-(191)585-9098
James,Peters,jpetersp6,jpetersp6@mtv.com,3-(648)244-7799
Kevin,Oliver,koliverp7,koliverp7@addthis.com,4-(047)154-0629
Benjamin,Wright,bwrightp8,bwrightp8@yahoo.co.jp,1-(525)833-9155
Sarah,Martin,smartinp9,smartinp9@apache.org,2-(640)067-0931
Arthur,Lopez,alopezpa,alopezpa@discuz.net,9-(030)198-0778
Billy,Watkins,bwatkinspb,bwatkinspb@cnn.com,6-(099)680-9775
Arthur,Garza,agarzapc,agarzapc@cmu.edu,8-(882)135-8221
Anthony,Morris,amorrispd,amorrispd@walmart.com,1-(019)305-9982
Eugene,Nichols,enicholspe,enicholspe@twitter.com,7-(736)171-4179
Brandon,Wright,bwrightpf,bwrightpf@umich.edu,4-(888)528-2831
Keith,Dean,kdeanpg,kdeanpg@gizmodo.com,6-(000)256-4839
Diana,Harrison,dharrisonph,dharrisonph@fotki.com,2-(913)631-3616
Brenda,Thomas,bthomaspi,bthomaspi@weibo.com,4-(627)734-2678
Peter,Myers,pmyerspj,pmyerspj@sfgate.com,4-(320)993-4028
Amanda,Gray,agraypk,agraypk@unesco.org,3-(080)688-5348
Gerald,Phillips,gphillipspl,gphillipspl@seesaa.net,1-(753)514-7084
Andrea,Tucker,atuckerpm,atuckerpm@psu.edu,1-(458)778-6600
Adam,Nelson,anelsonpn,anelsonpn@sitemeter.com,2-(106)621-8499
Walter,Lynch,wlynchpo,wlynchpo@typepad.com,5-(756)584-5031
Gerald,Rodriguez,grodriguezpp,grodriguezpp@marriott.com,4-(023)760-8238
Ralph,Carpenter,rcarpenterpq,rcarpenterpq@behance.net,7-(053)393-7339
Wanda,Gomez,wgomezpr,wgomezpr@mapy.cz,3-(325)140-1882
Christopher,Stone,cstoneps,cstoneps@quantcast.com,9-(546)608-0534
Jonathan,Webb,jwebbpt,jwebbpt@reddit.com,0-(313)450-4116
Anna,Ramos,aramospu,aramospu@delicious.com,7-(879)000-7644
Janet,Hicks,jhickspv,jhickspv@adobe.com,6-(529)110-3579
Joyce,Little,jlittlepw,jlittlepw@dailymotion.com,8-(259)067-9127
Donna,Day,ddaypx,ddaypx@virginia.edu,4-(787)340-8099
Timothy,Kelley,tkelleypy,tkelleypy@360.cn,8-(713)149-4248
Anna,Spencer,aspencerpz,aspencerpz@dot.gov,8-(178)362-6075
Pamela,Daniels,pdanielsq0,pdanielsq0@ibm.com,7-(990)646-3003
Karen,Cox,kcoxq1,kcoxq1@cyberchimps.com,9-(758)700-4013
Jerry,Richardson,jrichardsonq2,jrichardsonq2@over-blog.com,1-(081)346-7941
Albert,Ford,afordq3,afordq3@amazonaws.com,8-(894)767-7833
Carl,Gibson,cgibsonq4,cgibsonq4@example.com,8-(743)487-1410
Henry,Reynolds,hreynoldsq5,hreynoldsq5@typepad.com,8-(007)159-9655
Lawrence,Woods,lwoodsq6,lwoodsq6@wiley.com,1-(838)516-8511
Katherine,Weaver,kweaverq7,kweaverq7@google.fr,6-(391)603-7140
Russell,Torres,rtorresq8,rtorresq8@hhs.gov,4-(618)171-1931
Robin,Bryant,rbryantq9,rbryantq9@yelp.com,7-(511)992-8121
Kimberly,Davis,kdavisqa,kdavisqa@blogger.com,5-(524)730-4990
Christina,Hansen,chansenqb,chansenqb@tripod.com,5-(029)650-9683
Philip,Anderson,pandersonqc,pandersonqc@toplist.cz,9-(519)403-3723
Randy,Willis,rwillisqd,rwillisqd@bing.com,7-(813)658-5579
Julie,Harvey,jharveyqe,jharveyqe@xrea.com,6-(665)324-8354
Clarence,Kim,ckimqf,ckimqf@xrea.com,9-(848)510-1944
Matthew,Bennett,mbennettqg,mbennettqg@skype.com,9-(498)926-3421
Rachel,Fowler,rfowlerqh,rfowlerqh@columbia.edu,8-(730)373-0677
Eric,Carr,ecarrqi,ecarrqi@goo.ne.jp,9-(969)994-7065
Louis,Jones,ljonesqj,ljonesqj@wikimedia.org,5-(623)912-4986
Victor,Banks,vbanksqk,vbanksqk@hhs.gov,0-(121)818-6875
Patrick,Carroll,pcarrollql,pcarrollql@alexa.com,5-(872)147-2957
Juan,Sanders,jsandersqm,jsandersqm@addthis.com,1-(066)400-0838
Ashley,Larson,alarsonqn,alarsonqn@hatena.ne.jp,9-(105)619-0014
Betty,Powell,bpowellqo,bpowellqo@noaa.gov,7-(570)020-7585
Justin,Moreno,jmorenoqp,jmorenoqp@ftc.gov,7-(316)886-1824
Peter,Williamson,pwilliamsonqq,pwilliamsonqq@apple.com,6-(004)282-3606
Brian,Williams,bwilliamsqr,bwilliamsqr@springer.com,2-(417)800-0087
Teresa,Gray,tgrayqs,tgrayqs@samsung.com,9-(583)202-1490
Tina,Johnson,tjohnsonqt,tjohnsonqt@imgur.com,5-(397)106-0780
Katherine,Long,klongqu,klongqu@ted.com,1-(380)702-5269
Ernest,Wood,ewoodqv,ewoodqv@vimeo.com,7-(936)825-7468
Nancy,Moore,nmooreqw,nmooreqw@mail.ru,8-(918)288-5979
Jason,Williams,jwilliamsqx,jwilliamsqx@fastcompany.com,5-(759)863-8249
Lillian,Dean,ldeanqy,ldeanqy@youtu.be,1-(046)496-2365
Phyllis,Morgan,pmorganqz,pmorganqz@ox.ac.uk,8-(246)026-3036
Philip,Marshall,pmarshallr0,pmarshallr0@github.com,2-(477)008-6498
Gloria,Bowman,gbowmanr1,gbowmanr1@msn.com,8-(293)081-3894
Cheryl,Rivera,criverar2,criverar2@constantcontact.com,3-(928)412-4624
Stephen,Garza,sgarzar3,sgarzar3@google.com.au,3-(664)303-9607
Lillian,Austin,laustinr4,laustinr4@wufoo.com,5-(628)948-9772
Joshua,White,jwhiter5,jwhiter5@seesaa.net,4-(588)533-5230
Amanda,Holmes,aholmesr6,aholmesr6@noaa.gov,0-(515)370-6360
Carl,Barnes,cbarnesr7,cbarnesr7@gravatar.com,3-(338)296-1232
Phyllis,Peters,ppetersr8,ppetersr8@pagesperso-orange.fr,3-(733)448-3510
Keith,Robertson,krobertsonr9,krobertsonr9@t-online.de,0-(506)589-7463
Linda,Richards,lrichardsra,lrichardsra@wix.com,5-(600)439-5536
Alice,Brooks,abrooksrb,abrooksrb@go.com,0-(591)251-9236
Judy,Chapman,jchapmanrc,jchapmanrc@github.com,4-(326)369-3654
Samuel,Austin,saustinrd,saustinrd@pbs.org,9-(900)176-9464
Phyllis,Garza,pgarzare,pgarzare@unicef.org,2-(902)480-5499
Craig,Garza,cgarzarf,cgarzarf@columbia.edu,8-(884)770-4408
Richard,Romero,rromerorg,rromerorg@telegraph.co.uk,3-(643)956-5092
Michelle,Mcdonald,mmcdonaldrh,mmcdonaldrh@hatena.ne.jp,1-(961)909-4825
Irene,Day,idayri,idayri@w3.org,7-(309)131-8510
Walter,Garza,wgarzarj,wgarzarj@thetimes.co.uk,2-(314)806-6778
Beverly,Perry,bperryrk,bperryrk@usa.gov,0-(780)564-0942
Justin,Ryan,jryanrl,jryanrl@weibo.com,6-(130)748-5660
Dorothy,Gray,dgrayrm,dgrayrm@geocities.com,2-(766)597-1033
Steve,Richardson,srichardsonrn,srichardsonrn@sohu.com,5-(977)926-3986
Stephen,Ford,sfordro,sfordro@foxnews.com,8-(857)495-1443
Jimmy,Meyer,jmeyerrp,jmeyerrp@weebly.com,3-(359)454-7671
Donald,Hart,dhartrq,dhartrq@uol.com.br,6-(551)322-9278
Howard,Hicks,hhicksrr,hhicksrr@usatoday.com,0-(473)041-5766
